{
    "EC2": {
        "C12/15" : {
            "name": "C12/15",
            "fck": 12,
            "rck": 15,
            "fcm": 20,
            "fcd": 6.800,
            "Ecm": 27085.18,
            "fctm": 1.572,
            "fctk": 1.101,
            "fctd": 0.7338,
            "ec2": 0.002,
            "ecu2": 0.0035,
            "ec3": 0.00175,
            "ecu3": 0.0035
        },
        "C16/20" : {
            "name": "C16/20",
            "fck": 16,
            "rck": 20,
            "fcm": 24,
            "fcd": 9.067,
            "Ecm": 28607.90,
            "fctm": 1.905,
            "fctk": 1.333,
            "fctd": 0.8889,
            "ec2": 0.002,
            "ecu2": 0.0035,
            "ec3": 0.00175,
            "ecu3": 0.0035
        },
        "C20/25" :{
            "name": "C20/25",
            "fck": 20,
            "rck": 25,
            "fcm": 28,
            "fcd": 11.333,
            "Ecm": 29961.95,
            "fctm": 2.210,
            "fctk": 1.547,
            "fctd": 1.0315,
            "ec2": 0.002,
            "ecu2": 0.0035,
            "ec3": 0.00175,
            "ecu3": 0.0035
        },
        "C25/30" :{
            "name": "C25/30",
            "fck": 25,
            "rck": 30,
            "fcm": 33,
            "fcd": 14.167,
            "Ecm": 31475.81,
            "fctm": 2.565,
            "fctk": 1.795,
            "fctd": 1.1970,
            "ec2": 0.002,
            "ecu2": 0.0035,
            "ec3": 0.00175,
            "ecu3": 0.0035
        },
        "C30/37" :{
            "name": "C30/37",
            "fck": 30,
            "rck": 37,
            "fcm": 38,
            "fcd": 17.000,
            "Ecm": 32836.57,
            "fctm": 2.896,
            "fctk": 2.028,
            "fctd": 1.3517,
            "ec2": 0.002,
            "ecu2": 0.0035,
            "ec3": 0.00175,
            "ecu3": 0.0035
        },
        "C35/45" :{
            "name": "C35/45",
            "fck": 35,
            "rck": 45,
            "fcm": 43,
            "fcd": 19.833,
            "Ecm": 34077.15,
            "fctm": 3.210,
            "fctk": 2.247,
            "fctd": 1.4980,
            "ec2": 0.002,
            "ecu2": 0.0035,
            "ec3": 0.00175,
            "ecu3": 0.0035
        },
        "C40/50" :{
            "name": "C40/50",
            "fck": 40,
            "rck": 50,
            "fcm": 48,
            "fcd": 22.667,
            "Ecm": 35220.46,
            "fctm": 3.509,
            "fctk": 2.456,
            "fctd": 1.6374,
            "ec2": 0.002,
            "ecu2": 0.0035,
            "ec3": 0.00175,
            "ecu3": 0.0035
        },
        "C45/55" :{
            "name": "C45/55",
            "fck": 45,
            "rck": 55,
            "fcm": 53,
            "fcd": 25.500,
            "Ecm": 36283.19,
            "fctm": 3.795,
            "fctk": 2.657,
            "fctd": 1.7712,
            "ec2": 0.002,
            "ecu2": 0.0035,
            "ec3": 0.00175,
            "ecu3": 0.0035
        },
        "C50/60" :{
            "name": "C50/60",
            "fck": 50,
            "rck": 60,
            "fcm": 58,
            "fcd": 28.333,
            "Ecm": 37277.87,
            "fctm": 4.072,
            "fctk": 2.850,
            "fctd": 1.9001,
            "ec2": 0.002,
            "ecu2": 0.0035,
            "ec3": 0.00175,
            "ecu3": 0.0035
        }
    

    }
}


